{
  "verbosity": {
    "twilight": 0.12842346830932755,
    "applejack": 0.07669776851767975,
    "rarity": 0.07204758885164719,
    "pinkie": 0.07458405048766495,
    "rainbow": 0.08183108373342995,
    "fluttershy": 0.055651176133103844
  },
  "mentions": {
    "twilight": {
      "applejack": 0.12162162162162163,
      "rarity": 0.13175675675675674,
      "pinkie": 0.3322072072072072,
      "rainbow": 0.27815315315315314,
      "fluttershy": 0.13626126126126126
    },
    "applejack": {
      "twilight": 0.2167381974248927,
      "rarity": 0.1630901287553648,
      "pinkie": 0.3111587982832618,
      "rainbow": 0.22532188841201717,
      "fluttershy": 0.08369098712446352
    },
    "rarity": {
      "twilight": 0.189010989010989,
      "applejack": 0.2087912087912088,
      "pinkie": 0.2021978021978022,
      "rainbow": 0.2681318681318681,
      "fluttershy": 0.13186813186813187
    },
    "pinkie": {
      "twilight": 0.2515463917525773,
      "applejack": 0.11958762886597939,
      "rarity": 0.1134020618556701,
      "rainbow": 0.4020618556701031,
      "fluttershy": 0.1134020618556701
    },
    "rainbow": {
      "twilight": 0.1970074812967581,
      "applejack": 0.14713216957605985,
      "rarity": 0.08977556109725686,
      "pinkie": 0.3790523690773067,
      "fluttershy": 0.18703241895261846
    },
    "fluttershy": {
      "twilight": 0.2546816479400749,
      "applejack": 0.07116104868913857,
      "rarity": 0.1760299625468165,
      "pinkie": 0.18352059925093633,
      "rainbow": 0.3146067415730337
    }
  },
  "follow_on_comments": {
    "twilight": {
      "applejack": 0.09188034188034189,
      "rarity": 0.08095916429249762,
      "pinkie": 0.11324786324786325,
      "rainbow": 0.10375118708452041,
      "fluttershy": 0.08167141500474834,
      "other": 0.5284900284900285
    },
    "applejack": {
      "twilight": 0.15171868826550772,
      "rarity": 0.13947056499407348,
      "pinkie": 0.11181351244567364,
      "rainbow": 0.13591465823785065,
      "fluttershy": 0.07585934413275386,
      "other": 0.38522323192414065
    },
    "rarity": {
      "twilight": 0.12973883740522324,
      "applejack": 0.15880370682392586,
      "pinkie": 0.10067396798652065,
      "rainbow": 0.10741364785172704,
      "fluttershy": 0.10109519797809605,
      "other": 0.4022746419545072
    },
    "pinkie": {
      "twilight": 0.17963340122199592,
      "applejack": 0.1164969450101833,
      "rarity": 0.09938900203665987,
      "rainbow": 0.1470468431771894,
      "fluttershy": 0.07331975560081466,
      "other": 0.3841140529531568
    },
    "rainbow": {
      "twilight": 0.16981831664812755,
      "applejack": 0.11939191694475343,
      "rarity": 0.09306637004078606,
      "pinkie": 0.12421208750463478,
      "fluttershy": 0.0967741935483871,
      "other": 0.3967371153133111
    },
    "fluttershy": {
      "twilight": 0.1823658269441402,
      "applejack": 0.10788608981380066,
      "rarity": 0.1380065717415115,
      "pinkie": 0.08762322015334063,
      "rainbow": 0.14731653888280394,
      "other": 0.3368017524644031
    }
  },
  "non_dictionary_words": {
    "twilight": [
      "ve",
      "Celestia",
      "Fluttershy",
      "Equestria",
      "everypony"
    ],
    "applejack": [
      "ve",
      "somethin",
      "doin",
      "everypony",
      "Fluttershy"
    ],
    "rarity": [
      "ve",
      "Fluttershy",
      "Canterlot",
      "Equestria",
      "somepony"
    ],
    "pinkie": [
      "ve",
      "Fluttershy",
      "Ponyville",
      "everypony",
      "Equestria"
    ],
    "rainbow": [
      "ve",
      "Fluttershy",
      "Wonderbolts",
      "Ponyville",
      "everypony"
    ],
    "fluttershy": [
      "ve",
      "everypony",
      "Fluttershy",
      "Equestria",
      "somepony"
    ]
  }
}