{
  "verbosity": {
    "twilight": 0.2620915436407437,
    "applejack": 0.15683488788683675,
    "rarity": 0.1473222558527395,
    "pinky": 0.1525727345728581,
    "rainbow": 0.1673976156649577,
    "fluttershy": 0.11378096238186423
  },
  "mentions": {
    "twilight": {
      "applejack": 0.12162162162162163,
      "rarity": 0.13175675675675674,
      "pinky": 0.3322072072072072,
      "rainbow": 0.27815315315315314,
      "fluttershy": 0.13626126126126126
    },
    "applejack": {
      "twilight": 0.2167381974248927,
      "rarity": 0.1630901287553648,
      "pinky": 0.3111587982832618,
      "rainbow": 0.22532188841201717,
      "fluttershy": 0.08369098712446352
    },
    "rarity": {
      "twilight": 0.189010989010989,
      "applejack": 0.2087912087912088,
      "pinky": 0.2021978021978022,
      "rainbow": 0.2681318681318681,
      "fluttershy": 0.13186813186813187
    },
    "pinky": {
      "twilight": 0.2515463917525773,
      "applejack": 0.11958762886597939,
      "rarity": 0.1134020618556701,
      "rainbow": 0.4020618556701031,
      "fluttershy": 0.1134020618556701
    },
    "rainbow": {
      "twilight": 0.1970074812967581,
      "applejack": 0.14713216957605985,
      "rarity": 0.08977556109725686,
      "pinky": 0.3790523690773067,
      "fluttershy": 0.18703241895261846
    },
    "fluttershy": {
      "twilight": 0.2546816479400749,
      "applejack": 0.07116104868913857,
      "rarity": 0.1760299625468165,
      "pinky": 0.18352059925093633,
      "rainbow": 0.3146067415730337
    }
  },
  "follow_on_comments": {
    "twilight": {
      "applejack": 0.09191609710110771,
      "rarity": 0.08083902898892294,
      "pinky": 0.11265613952392176,
      "rainbow": 0.10322884751355173,
      "fluttershy": 0.08131039358944143,
      "other": 0.5300494932830544
    },
    "applejack": {
      "twilight": 0.15124064592359196,
      "rarity": 0.13903111461205198,
      "pinky": 0.11224891689641592,
      "rainbow": 0.1354864119732178,
      "fluttershy": 0.07562032296179598,
      "other": 0.38637258763292637
    },
    "rarity": {
      "twilight": 0.12955974842767295,
      "applejack": 0.1580712788259958,
      "pinky": 0.10062893081761007,
      "rainbow": 0.10859538784067085,
      "fluttershy": 0.10062893081761007,
      "other": 0.4025157232704403
    },
    "pinky": {
      "twilight": 0.17935222672064777,
      "applejack": 0.11578947368421053,
      "rarity": 0.09919028340080972,
      "rainbow": 0.14736842105263157,
      "fluttershy": 0.0728744939271255,
      "other": 0.3854251012145749
    },
    "rainbow": {
      "twilight": 0.16937269372693728,
      "applejack": 0.11881918819188192,
      "rarity": 0.09261992619926199,
      "pinky": 0.12398523985239852,
      "fluttershy": 0.096309963099631,
      "other": 0.3988929889298893
    },
    "fluttershy": {
      "twilight": 0.18132464712269272,
      "applejack": 0.10803474484256244,
      "rarity": 0.13735070575461455,
      "pinky": 0.08957654723127036,
      "rainbow": 0.1465798045602606,
      "other": 0.33713355048859933
    }
  },
  "non_dictionary_words": {
    "twilight": [
      "ve",
      "Celestia",
      "Fluttershy",
      "0097",
      "Equestria"
    ],
    "applejack": [
      "ve",
      "somethin",
      "doin",
      "everypony",
      "0096"
    ],
    "rarity": [
      "ve",
      "0097",
      "0096",
      "Fluttershy",
      "Canterlot"
    ],
    "pinky": [
      "ve",
      "Fluttershy",
      "Ponyville",
      "everypony",
      "0096"
    ],
    "rainbow": [
      "ve",
      "Fluttershy",
      "Wonderbolts",
      "0096",
      "Ponyville"
    ],
    "fluttershy": [
      "ve",
      "0097",
      "everypony",
      "0096",
      "Fluttershy"
    ]
  }
}